Регион;Код;2017;2018;2019;2020;2021;2022;2023
Российская Федерация;643;1517986.0;1583504.0;1473018.0;1302270.0;1313042.0;1282121.0;1277250.0
Центральный федеральный округ;30;391790.0;425160.0;405052.0;360208.0;345491.0;352792.0;384935.0
Белгородская область;140;13861.0;15431.0;14182.0;11476.0;10750.0;11568.0;13065.0
Брянская область;150;13052.0;13527.0;11924.0;9919.0;9730.0;10132.0;9108.0
Владимирская область;170;14425.0;14860.0;13442.0;10772.0;10834.0;11035.0;10185.0
Воронежская область;200;19779.0;20126.0;18634.0;16095.0;15210.0;15422.0;13910.0
Ивановская область;240;12467.0;12771.0;11583.0;10101.0;9702.0;9370.0;8656.0
Калужская область;290;10262.0;10456.0;8532.0;7477.0;10118.0;10775.0;10220.0
Костромская область;340;7659.0;7923.0;7131.0;6058.0;5789.0;5230.0;4864.0
Курская область;380;10713.0;11743.0;11040.0;8687.0;8904.0;8915.0;8121.0
Липецкая область;420;8334.0;9047.0;8437.0;6797.0;7224.0;6771.0;5982.0
Московская область;460;103044.0;111262.0;109151.0;107153.0;99447.0;97923.0;104539.0
Орловская область;540;6562.0;6838.0;5925.0;4717.0;4272.0;4330.0;4200.0
Рязанская область;610;11469.0;11778.0;10920.0;9421.0;9299.0;9384.0;9225.0
Смоленская область;660;10660.0;10750.0;10107.0;8325.0;8727.0;8992.0;8144.0
Тамбовская область;680;8730.0;9197.0;8128.0;6456.0;6119.0;5792.0;5359.0
Тверская область;280;14243.0;14377.0;13972.0;11781.0;12151.0;11778.0;11360.0
Тульская область;700;13658.0;14127.0;12535.0;10650.0;10651.0;10667.0;9607.0
Ярославская область;780;12753.0;13140.0;12575.0;10843.0;10113.0;10297.0;10061.0
Город Москва столица Российской Федерации город федерального значения;450;100119.0;117807.0;116834.0;103480.0;96451.0;104411.0;138329.0
Северо-Западный федеральный округ;31;218436.0;224421.0;210352.0;189211.0;192900.0;183193.0;176151.0
Республика Карелия;860;8539.0;8396.0;7624.0;6198.0;6587.0;5780.0;5347.0
Республика Коми;870;16116.0;15955.0;13818.0;11467.0;11605.0;11033.0;10208.0
Архангельская область;110;17262.0;17617.0;15927.0;13073.0;13655.0;13138.0;13187.0
Ненецкий автономный округ (Архангельская область);111;875.0;927.0;816.0;653.0;703.0;721.0;715.0
Архангельская область (кроме Ненецкого автономного округа);110;16387.0;16690.0;15111.0;12420.0;12952.0;12417.0;12472.0
Вологодская область;190;11364.0;10907.0;9502.0;7752.0;7663.0;6979.0;6518.0
Вологда;194;4160.0;3742.0;;;;;
Череповец;194;3345.0;3362.0;;;;;
Калининградская область;270;11832.0;12944.0;13178.0;12099.0;13159.0;12858.0;12231.0
Ленинградская область;410;20540.0;21083.0;21650.0;22227.0;22997.0;22527.0;22590.0
Мурманская область;470;18178.0;17976.0;16704.0;13928.0;13693.0;12924.0;11966.0
Новгородская область;490;8644.0;7741.0;7576.0;7238.0;7178.0;6671.0;6057.0
Псковская область;580;8684.0;8645.0;8703.0;7452.0;7177.0;6524.0;6555.0
Город Санкт-Петербург город федерального значения;400;97277.0;103157.0;95670.0;87777.0;89186.0;84759.0;81492.0
Южный федеральный округ (с 29.07.2016);40;127865.0;131637.0;126874.0;114796.0;118367.0;119394.0;118478.0
Республика Адыгея (Адыгея);790;3952.0;3633.0;3685.0;3386.0;3397.0;3522.0;3577.0
Республика Калмыкия;850;3728.0;3733.0;3493.0;2890.0;3043.0;3296.0;2833.0
Республика Крым;350;8190.0;8822.0;9272.0;10228.0;10155.0;10738.0;10395.0
Краснодарский край;300;44526.0;45391.0;44740.0;39225.0;41530.0;40790.0;41581.0
Краснодар;340;13115.0;13678.0;;;;;
Армавир;340;1877.0;1804.0;;;;;
Новороссийск;342;2628.0;2662.0;;;;;
Сочи;342;7213.0;7969.0;;;;;
Астраханская область;120;7490.0;7603.0;7119.0;6480.0;7165.0;7124.0;6508.0
Волгоградская область;180;22288.0;23458.0;21585.0;18187.0;18113.0;18077.0;17842.0
Ростовская область;600;32892.0;33347.0;31366.0;28091.0;27893.0;28172.0;27771.0
Город федерального значения Севастополь;670;4799.0;5650.0;5614.0;6309.0;7071.0;7675.0;7971.0
Северо-Кавказский федеральный округ;38;52731.0;54677.0;52477.0;44676.0;45114.0;44873.0;44750.0
Республика Дагестан;820;11977.0;11614.0;11583.0;9457.0;9689.0;10097.0;10817.0
Республика Ингушетия;260;1846.0;2130.0;1846.0;1953.0;2136.0;2254.0;1986.0
Кабардино-Балкарская Республика;830;4633.0;4903.0;4198.0;3183.0;3255.0;3539.0;3049.0
Карачаево-Черкесская Республика;910;2495.0;2616.0;2826.0;2679.0;2910.0;2779.0;2764.0
Республика Северная Осетия-Алания;900;5128.0;5361.0;4624.0;3626.0;3363.0;3717.0;3254.0
Чеченская Республика;960;4372.0;4658.0;4118.0;3446.0;3917.0;3983.0;4001.0
Ставропольский край;700;22280.0;23395.0;23282.0;20332.0;19844.0;18504.0;18879.0
Приволжский федеральный округ;33;265925.0;274533.0;249858.0;216134.0;222780.0;212885.0;206554.0
Республика Башкортостан;800;38324.0;39985.0;37224.0;32388.0;34228.0;33226.0;33906.0
Республика Марий Эл;880;7430.0;6996.0;7224.0;6392.0;6272.0;6533.0;6129.0
Республика Мордовия;890;6726.0;6974.0;6511.0;5557.0;5750.0;5733.0;5365.0
Республика Татарстан (Татарстан);920;30769.0;32163.0;29219.0;27681.0;29705.0;26065.0;26904.0
Удмуртская Республика;940;13340.0;13576.0;11180.0;9849.0;10734.0;11142.0;10764.0
Чувашская Республика - Чувашия;970;13384.0;13983.0;12298.0;10792.0;10216.0;9912.0;9695.0
Пермский край;570;29283.0;30046.0;27220.0;23438.0;24004.0;22052.0;20607.0
Кировская область;330;17960.0;18916.0;17777.0;15079.0;14987.0;15159.0;14856.0
Нижегородская область;220;24906.0;25542.0;23477.0;20402.0;20490.0;19728.0;18365.0
Оренбургская область;530;14755.0;14308.0;13571.0;11449.0;12214.0;11897.0;10983.0
Пензенская область;560;10928.0;11022.0;9765.0;7556.0;7424.0;7198.0;7003.0
Самарская область;360;25052.0;27120.0;23429.0;20360.0;21545.0;20053.0;19447.0
Саратовская область;630;22561.0;22799.0;21233.0;17203.0;16921.0;16519.0;15573.0
Саратов;634;8449.0;;;;;;
Балаково;634;2009.0;;;;;;
Ульяновская область;730;10507.0;11103.0;9730.0;7988.0;8290.0;7668.0;6957.0
Уральский федеральный округ;34;156019.0;158208.0;144477.0;125881.0;128754.0;119356.0;113676.0
Курганская область;370;9017.0;9485.0;8583.0;7793.0;7895.0;7081.0;6832.0
Свердловская область;650;48292.0;48901.0;44166.0;38484.0;37768.0;34422.0;31830.0
Тюменская область;710;63520.0;63585.0;58091.0;50383.0;52405.0;49513.0;47427.0
Ханты-Мансийский автономный округ - Югра (Тюменская область);711;34940.0;33500.0;30784.0;26568.0;;;
Ямало-Ненецкий автономный округ (Тюменская область);711;14985.0;15020.0;13387.0;11163.0;11293.0;10878.0;10045.0
Тюменская область (кроме Ханты-Мансийского автономного округа-Югры и Ямало-Ненецкого автономного округа);710;13595.0;15065.0;13920.0;12652.0;12917.0;12627.0;12183.0
Челябинская область;750;35190.0;36237.0;33637.0;29221.0;30686.0;28340.0;27587.0
Сибирский федеральный округ;35;214375.0;;;;;;
Сибирский федеральный округ (с 03.11.2018);41;;197432.0;175250.0;154151.0;159949.0;152891.0;143507.0
Республика Алтай;840;2295.0;2007.0;2034.0;1852.0;1897.0;1780.0;1702.0
Республика Тыва;930;4449.0;4507.0;3861.0;3744.0;4041.0;4386.0;3841.0
Республика Хакасия;950;8040.0;8277.0;7187.0;6962.0;7406.0;6921.0;6700.0
Алтайский край;100;17657.0;18354.0;17247.0;13705.0;15690.0;14041.0;13616.0
Чита;764;4756.0;5130.0;;;;;
Красноярский край;400;41596.0;43350.0;39632.0;37207.0;39371.0;38525.0;37761.0
Иркутская область;250;27492.0;28129.0;23692.0;19787.0;19260.0;19330.0;17838.0
Кемеровская область - Кузбасс;320;32375.0;34212.0;29830.0;25380.0;26221.0;24401.0;22437.0
Новосибирская область;500;23552.0;25388.0;22049.0;20700.0;21702.0;21308.0;19882.0
Омская область;520;17800.0;18838.0;16789.0;13924.0;14303.0;13074.0;11688.0
Томская область;690;14330.0;14370.0;12929.0;10890.0;10058.0;9125.0;8042.0
Томск;694;10780.0;10824.0;;;;;
Дальневосточный федеральный округ;36;90845.0;;;;;;
Дальневосточный федеральный округ (с 03.11.2018);42;;117436.0;108678.0;97213.0;99687.0;96737.0;89199.0
Республика Бурятия;810;12496.0;13387.0;12292.0;11517.0;12208.0;11578.0;11034.0
Забайкальский край;760;12293.0;12648.0;11546.0;9845.0;9761.0;9754.0;8730.0
Республика Саха (Якутия);980;15090.0;14770.0;13825.0;12737.0;14085.0;13717.0;12766.0
Камчатский край;300;4413.0;4733.0;4268.0;3937.0;3996.0;3611.0;3416.0
Приморский край;500;25949.0;26975.0;25533.0;22694.0;22947.0;21776.0;20017.0
Хабаровский край;800;19153.0;18762.0;17487.0;15301.0;16458.0;15830.0;14999.0
Амурская область;100;10001.0;9849.0;8809.0;8238.0;7695.0;8299.0;6895.0
Магаданская область;440;4036.0;4184.0;3788.0;3182.0;3230.0;3096.0;2816.0
Сахалинская область;640;8030.0;8222.0;7183.0;6225.0;5842.0;5561.0;5396.0
Еврейская автономная область;990;2300.0;1935.0;1900.0;1583.0;1771.0;1695.0;1430.0
Чукотский автономный округ;770;1873.0;1971.0;2047.0;1954.0;1694.0;1820.0;1700.0
Энгельс;634;2195.0;;;;;;
Северск;695;1327.0;1388.0;;;;;
Российская Федерация;643;714546.0;741902.0;682852.0;586914.0;619085.0;577103.0;
Центральный федеральный округ;30;139759.0;147655.0;132641.0;110863.0;110098.0;101748.0;
Белгородская область;140;8719.0;10015.0;8990.0;7485.0;7291.0;6804.0;
Брянская область;150;7642.0;7915.0;6594.0;5708.0;5970.0;5390.0;
Владимирская область;170;5984.0;6296.0;5404.0;3849.0;4540.0;4374.0;
Воронежская область;200;14216.0;14342.0;13387.0;10585.0;10694.0;9783.0;
Ивановская область;240;4246.0;4163.0;4006.0;3367.0;3298.0;3054.0;
Калужская область;290;4987.0;5044.0;4081.0;3771.0;4961.0;5026.0;
Костромская область;340;5645.0;5796.0;5415.0;4523.0;4005.0;3358.0;
Курская область;380;7378.0;8510.0;7476.0;5938.0;5731.0;5285.0;
Липецкая область;420;9403.0;9826.0;9121.0;7293.0;7344.0;6594.0;
Московская область;460;22232.0;24825.0;22478.0;19824.0;18899.0;18230.0;
Орловская область;540;4547.0;4847.0;4252.0;3066.0;2937.0;2880.0;
Рязанская область;610;7518.0;8131.0;6521.0;5594.0;5633.0;5653.0;
Смоленская область;660;5382.0;5452.0;5114.0;4207.0;4341.0;4266.0;
Тамбовская область;680;8009.0;8221.0;7726.0;5805.0;5441.0;4932.0;
Тверская область;280;7223.0;7433.0;6824.0;5953.0;5899.0;5435.0;
Тульская область;700;8561.0;8206.0;7051.0;5982.0;6299.0;6142.0;
Ярославская область;780;6374.0;6306.0;5544.0;4854.0;4785.0;4542.0;
Город Москва столица Российской Федерации город федерального значения;450;1693.0;2327.0;2657.0;3059.0;2030.0;;
Северо-Западный федеральный округ;31;56810.0;59043.0;53385.0;44714.0;46780.0;43206.0;
Республика Карелия;860;3729.0;4002.0;3376.0;2643.0;3144.0;2650.0;
Республика Коми;870;5729.0;5545.0;4501.0;4334.0;4420.0;3969.0;
Архангельская область;110;8271.0;8757.0;7590.0;6040.0;6610.0;6327.0;
Ненецкий автономный округ (Архангельская область);111;367.0;430.0;380.0;317.0;307.0;298.0;
Архангельская область (кроме Ненецкого автономного округа);110;7904.0;8327.0;7210.0;5723.0;6303.0;6029.0;
Вологодская область;190;8268.0;7882.0;6445.0;5247.0;5393.0;4540.0;
Калининградская область;270;4341.0;4705.0;5114.0;4519.0;4956.0;4612.0;
Ленинградская область;410;15132.0;16231.0;14888.0;11379.0;12089.0;12150.0;
Мурманская область;470;1940.0;2007.0;2053.0;1629.0;1396.0;1401.0;
Новгородская область;490;4477.0;4744.0;4376.0;4277.0;4220.0;3548.0;
Псковская область;580;4923.0;5170.0;5042.0;4646.0;4552.0;4009.0;
Южный федеральный округ (с 29.07.2016);40;84565.0;86430.0;81054.0;72876.0;76823.0;73283.0;
Республика Адыгея (Адыгея);790;3765.0;3663.0;3458.0;3270.0;3819.0;3571.0;
Республика Калмыкия;850;4484.0;4568.0;4163.0;3300.0;3534.0;3532.0;
Республика Крым;350;8118.0;8484.0;8836.0;10078.0;9666.0;9789.0;
Краснодарский край;300;31580.0;31251.0;28602.0;24878.0;26961.0;24519.0;
Астраханская область;120;4703.0;4574.0;4452.0;3730.0;4168.0;3956.0;
Волгоградская область;180;10999.0;11941.0;10755.0;8766.0;9548.0;8600.0;
Ростовская область;600;20703.0;21760.0;20637.0;18690.0;18942.0;19139.0;
Город федерального значения Севастополь;670;213.0;189.0;151.0;164.0;185.0;177.0;
Северо-Кавказский федеральный округ;38;51322.0;54799.0;51856.0;41370.0;42566.0;42031.0;
Республика Дагестан;820;17234.0;17668.0;15861.0;12720.0;13046.0;13220.0;
Республика Ингушетия;260;1210.0;1604.0;1357.0;1034.0;946.0;1199.0;
Кабардино-Балкарская Республика;830;2630.0;2892.0;2499.0;1962.0;1941.0;2216.0;
Карачаево-Черкесская Республика;910;3345.0;3687.0;3627.0;3215.0;3422.0;3421.0;
Республика Северная Осетия-Алания;900;2713.0;3151.0;2290.0;1802.0;1606.0;1636.0;
Чеченская Республика;960;6566.0;6447.0;6252.0;4539.0;4914.0;5024.0;
Ставропольский край;700;17624.0;19350.0;19970.0;16098.0;16691.0;15315.0;
Приволжский федеральный округ;33;177198.0;182167.0;169903.0;144500.0;153896.0;140458.0;
Республика Башкортостан;800;38212.0;38943.0;37249.0;31323.0;35333.0;33529.0;
Республика Марий Эл;880;4601.0;4828.0;5119.0;4771.0;4579.0;4281.0;
Республика Мордовия;890;5088.0;5465.0;4971.0;3866.0;4127.0;3827.0;
Республика Татарстан (Татарстан);920;15519.0;15508.0;14075.0;12674.0;13746.0;12233.0;
Удмуртская Республика;940;12960.0;12992.0;10650.0;9176.0;10180.0;9661.0;
Чувашская Республика - Чувашия;970;12389.0;13743.0;11023.0;9085.0;9565.0;8169.0;
Пермский край;570;17484.0;17910.0;15569.0;13587.0;14975.0;12995.0;
Кировская область;330;10107.0;10392.0;9243.0;8188.0;8240.0;7722.0;
Нижегородская область;220;10970.0;11691.0;11825.0;10893.0;10492.0;9112.0;
Оренбургская область;530;15496.0;15437.0;16082.0;13361.0;13952.0;12198.0;
Пензенская область;560;7370.0;7400.0;7389.0;5146.0;5086.0;4941.0;
Самарская область;360;9485.0;10043.0;10313.0;8574.0;9606.0;8379.0;
Саратовская область;630;11900.0;11813.0;11394.0;9564.0;9451.0;9414.0;
Ульяновская область;730;5617.0;6002.0;5001.0;4292.0;4564.0;3997.0;
Уральский федеральный округ;34;51175.0;52658.0;47699.0;44286.0;45655.0;41567.0;
Курганская область;370;8271.0;9376.0;8211.0;7825.0;7987.0;7243.0;
Свердловская область;650;13992.0;14111.0;10741.0;10583.0;10944.0;9671.0;
Тюменская область;710;15025.0;15654.0;15064.0;13110.0;13505.0;12339.0;
Ханты-Мансийский автономный округ - Югра (Тюменская область);711;3701.0;3913.0;3347.0;3127.0;;;
Ямало-Ненецкий автономный округ (Тюменская область);711;2280.0;2325.0;2211.0;1782.0;2092.0;1672.0;
Тюменская область (кроме Ханты-Мансийского автономного округа-Югры и Ямало-Ненецкого автономного округа);710;9044.0;9416.0;9506.0;8201.0;8200.0;7708.0;
Челябинская область;750;13887.0;13517.0;13683.0;12768.0;13219.0;12314.0;
Сибирский федеральный округ;35;115888.0;;;;;;
Сибирский федеральный округ (с 03.11.2018);41;;102167.0;92374.0;81909.0;90197.0;84487.0;
Республика Алтай;840;5051.0;5257.0;4974.0;4404.0;4626.0;4670.0;
Республика Тыва;930;3203.0;3212.0;2633.0;1982.0;2902.0;3457.0;
Республика Хакасия;950;4746.0;4572.0;3893.0;3849.0;4322.0;4027.0;
Алтайский край;100;19348.0;21365.0;20754.0;17662.0;18781.0;17064.0;
Красноярский край;400;18920.0;19498.0;17433.0;16544.0;19473.0;18671.0;
Иркутская область;250;9740.0;10249.0;8307.0;7865.0;7840.0;7875.0;
Кемеровская область - Кузбасс;320;8582.0;8322.0;6917.0;6089.0;6346.0;5747.0;
Новосибирская область;500;8752.0;10056.0;10353.0;9655.0;10662.0;9552.0;
Омская область;520;12261.0;12544.0;11445.0;9334.0;10507.0;9548.0;
Томская область;690;6866.0;7092.0;5665.0;4525.0;4738.0;3876.0;
Дальневосточный федеральный округ;36;37829.0;;;;;;
Дальневосточный федеральный округ (с 03.11.2018);42;;56983.0;53940.0;46396.0;53070.0;50323.0;
Республика Бурятия;810;11521.0;11601.0;11690.0;10302.0;11302.0;10528.0;
Забайкальский край;760;6898.0;6944.0;6863.0;5670.0;6375.0;5819.0;
Республика Саха (Якутия);980;8659.0;8656.0;7627.0;6165.0;9216.0;8137.0;
Камчатский край;300;1411.0;1530.0;1515.0;1407.0;1488.0;1460.0;
Приморский край;500;11207.0;11593.0;11116.0;9350.0;10408.0;9977.0;
Хабаровский край;800;6496.0;6611.0;6201.0;5181.0;5986.0;5640.0;
Амурская область;100;5674.0;5973.0;5389.0;5145.0;4955.0;5380.0;
Магаданская область;440;315.0;313.0;293.0;207.0;193.0;252.0;
Сахалинская область;640;2639.0;2454.0;2020.0;1951.0;1849.0;1786.0;
Еврейская автономная область;990;1013.0;864.0;779.0;644.0;841.0;886.0;
Чукотский автономный округ;770;415.0;444.0;447.0;374.0;457.0;458.0;
Российская Федерация;643;;;;;;;556509.0
Центральный федеральный округ;30;;;;;;;95388.0
Белгородская область;140;;;;;;;8266.0
Брянская область;150;;;;;;;5094.0
Владимирская область;170;;;;;;;3983.0
Воронежская область;200;;;;;;;8480.0
Ивановская область;240;;;;;;;2749.0
Калужская область;290;;;;;;;4383.0
Костромская область;340;;;;;;;3253.0
Курская область;380;;;;;;;4991.0
Липецкая область;420;;;;;;;5352.0
Московская область;460;;;;;;;18601.0
Орловская область;540;;;;;;;2689.0
Рязанская область;610;;;;;;;5191.0
Смоленская область;660;;;;;;;3975.0
Тамбовская область;680;;;;;;;4305.0
Тверская область;280;;;;;;;4728.0
Тульская область;700;;;;;;;5358.0
Ярославская область;780;;;;;;;3990.0
Северо-Западный федеральный округ;31;;;;;;;41198.0
Республика Карелия;860;;;;;;;2315.0
Республика Коми;870;;;;;;;3779.0
Архангельская область;110;;;;;;;6375.0
Ненецкий автономный округ (Архангельская область);111;;;;;;;265.0
Архангельская область (кроме Ненецкого автономного округа);110;;;;;;;6110.0
Вологодская область;190;;;;;;;4222.0
Калининградская область;270;;;;;;;4608.0
Ленинградская область;410;;;;;;;11573.0
Мурманская область;470;;;;;;;1383.0
Новгородская область;490;;;;;;;3109.0
Псковская область;580;;;;;;;3834.0
Южный федеральный округ (с 29.07.2016);40;;;;;;;72399.0
Республика Адыгея (Адыгея);790;;;;;;;3803.0
Республика Калмыкия;850;;;;;;;3290.0
Республика Крым;350;;;;;;;8640.0
Краснодарский край;300;;;;;;;24845.0
Астраханская область;120;;;;;;;3797.0
Волгоградская область;180;;;;;;;8115.0
Ростовская область;600;;;;;;;19802.0
Город федерального значения Севастополь;670;;;;;;;107.0
Северо-Кавказский федеральный округ;38;;;;;;;44244.0
Республика Дагестан;820;;;;;;;14330.0
Республика Ингушетия;260;;;;;;;1346.0
Кабардино-Балкарская Республика;830;;;;;;;1966.0
Карачаево-Черкесская Республика;910;;;;;;;3514.0
Республика Северная Осетия-Алания;900;;;;;;;1847.0
Чеченская Республика;960;;;;;;;5030.0
Ставропольский край;700;;;;;;;16211.0
Приволжский федеральный округ;33;;;;;;;135261.0
Республика Башкортостан;800;;;;;;;34445.0
Республика Марий Эл;880;;;;;;;4002.0
Республика Мордовия;890;;;;;;;3472.0
Республика Татарстан (Татарстан);920;;;;;;;12158.0
Удмуртская Республика;940;;;;;;;8965.0
Чувашская Республика - Чувашия;970;;;;;;;7351.0
Пермский край;570;;;;;;;12908.0
Кировская область;330;;;;;;;7327.0
Нижегородская область;220;;;;;;;7957.0
Оренбургская область;530;;;;;;;11265.0
Пензенская область;560;;;;;;;4777.0
Самарская область;360;;;;;;;8227.0
Саратовская область;630;;;;;;;8763.0
Ульяновская область;730;;;;;;;3644.0
Уральский федеральный округ;34;;;;;;;38995.0
Курганская область;370;;;;;;;6555.0
Свердловская область;650;;;;;;;9109.0
Тюменская область;710;;;;;;;11542.0
Ямало-Ненецкий автономный округ (Тюменская область);711;;;;;;;1585.0
Тюменская область (кроме Ханты-Мансийского автономного округа-Югры и Ямало-Ненецкого автономного округа);710;;;;;;;7346.0
Челябинская область;750;;;;;;;11789.0
Сибирский федеральный округ (с 03.11.2018);41;;;;;;;81493.0
Республика Алтай;840;;;;;;;4320.0
Республика Тыва;930;;;;;;;2988.0
Республика Хакасия;950;;;;;;;3956.0
Алтайский край;100;;;;;;;16219.0
Красноярский край;400;;;;;;;18226.0
Иркутская область;250;;;;;;;8008.0
Кемеровская область - Кузбасс;320;;;;;;;5695.0
Новосибирская область;500;;;;;;;9421.0
Омская область;520;;;;;;;9277.0
Томская область;690;;;;;;;3383.0
Дальневосточный федеральный округ (с 03.11.2018);42;;;;;;;47531.0
Республика Бурятия;810;;;;;;;10376.0
Забайкальский край;760;;;;;;;5359.0
Республика Саха (Якутия);980;;;;;;;8551.0
Камчатский край;300;;;;;;;1357.0
Приморский край;500;;;;;;;9229.0
Хабаровский край;800;;;;;;;5350.0
Амурская область;100;;;;;;;4013.0
Магаданская область;440;;;;;;;170.0
Сахалинская область;640;;;;;;;1838.0
Еврейская автономная область;990;;;;;;;828.0
Чукотский автономный округ;770;;;;;;;460.0
Российская Федерация;643;2232532.0;2325406.0;2155870.0;1889184.0;1932127.0;1859224.0;1833759.0
Центральный федеральный округ;30;531549.0;572815.0;537693.0;471071.0;455589.0;454540.0;480323.0
Белгородская область;140;22580.0;25446.0;23172.0;18961.0;18041.0;18372.0;21331.0
Брянская область;150;20694.0;21442.0;18518.0;15627.0;15700.0;15522.0;14202.0
Владимирская область;170;20409.0;21156.0;18846.0;14621.0;15374.0;15409.0;14168.0
Воронежская область;200;33995.0;34468.0;32021.0;26680.0;25904.0;25205.0;22390.0
Ивановская область;240;16713.0;16934.0;15589.0;13468.0;13000.0;12424.0;11405.0
Калужская область;290;15249.0;15500.0;12613.0;11248.0;15079.0;15801.0;14603.0
Костромская область;340;13304.0;13719.0;12546.0;10581.0;9794.0;8588.0;8117.0
Курская область;380;18091.0;20253.0;18516.0;14625.0;14635.0;14200.0;13112.0
Липецкая область;420;17737.0;18873.0;17558.0;14090.0;14568.0;13365.0;11334.0
Московская область;460;125276.0;136087.0;131629.0;126977.0;118346.0;116153.0;123140.0
Орловская область;540;11109.0;11685.0;10177.0;7783.0;7209.0;7210.0;6889.0
Рязанская область;610;18987.0;19909.0;17441.0;15015.0;14932.0;15037.0;14416.0
Смоленская область;660;16042.0;16202.0;15221.0;12532.0;13068.0;13258.0;12119.0
Тамбовская область;680;16739.0;17418.0;15854.0;12261.0;11560.0;10724.0;9664.0
Тверская область;280;21466.0;21810.0;20796.0;17734.0;18050.0;17213.0;16088.0
Тульская область;700;22219.0;22333.0;19586.0;16632.0;16950.0;16809.0;14965.0
Ярославская область;780;19127.0;19446.0;18119.0;15697.0;14898.0;14839.0;14051.0
Город Москва столица Российской Федерации город федерального значения;450;101812.0;120134.0;119491.0;106539.0;98481.0;104411.0;138329.0
Северо-Западный федеральный округ;31;275246.0;283464.0;263737.0;233925.0;239680.0;226399.0;217349.0
Республика Карелия;860;12268.0;12398.0;11000.0;8841.0;9731.0;8430.0;7662.0
Республика Коми;870;21845.0;21500.0;18319.0;15801.0;16025.0;15002.0;13987.0
Архангельская область;110;25533.0;26374.0;23517.0;19113.0;20265.0;19465.0;19562.0
Ненецкий автономный округ (Архангельская область);111;1242.0;1357.0;1196.0;970.0;1010.0;1019.0;980.0
Архангельская область (кроме Ненецкого автономного округа);110;24291.0;25017.0;22321.0;18143.0;19255.0;18446.0;18582.0
Вологодская область;190;19632.0;18789.0;15947.0;12999.0;13056.0;11519.0;10740.0
Вологда;194;4160.0;3742.0;;;;;
Череповец;194;3345.0;3362.0;;;;;
Калининградская область;270;16173.0;17649.0;18292.0;16618.0;18115.0;17470.0;16839.0
Ленинградская область;410;35672.0;37314.0;36538.0;33606.0;35086.0;34677.0;34163.0
Мурманская область;470;20118.0;19983.0;18757.0;15557.0;15089.0;14325.0;13349.0
Новгородская область;490;13121.0;12485.0;11952.0;11515.0;11398.0;10219.0;9166.0
Псковская область;580;13607.0;13815.0;13745.0;12098.0;11729.0;10533.0;10389.0
Город Санкт-Петербург город федерального значения;400;97277.0;103157.0;95670.0;87777.0;89186.0;84759.0;81492.0
Южный федеральный округ (с 29.07.2016);40;212430.0;218067.0;207928.0;187672.0;195190.0;192677.0;190877.0
Республика Адыгея (Адыгея);790;7717.0;7296.0;7143.0;6656.0;7216.0;7093.0;7380.0
Республика Калмыкия;850;8212.0;8301.0;7656.0;6190.0;6577.0;6828.0;6123.0
Республика Крым;350;16308.0;17306.0;18108.0;20306.0;19821.0;20527.0;19035.0
Краснодарский край;300;76106.0;76642.0;73342.0;64103.0;68491.0;65309.0;66426.0
Краснодар;340;13115.0;13678.0;;;;;
Армавир;340;1877.0;1804.0;;;;;
Новороссийск;342;2628.0;2662.0;;;;;
Сочи;342;7213.0;7969.0;;;;;
Астраханская область;120;12193.0;12177.0;11571.0;10210.0;11333.0;11080.0;10305.0
Волгоградская область;180;33287.0;35399.0;32340.0;26953.0;27661.0;26677.0;25957.0
Ростовская область;600;53595.0;55107.0;52003.0;46781.0;46835.0;47311.0;47573.0
Город федерального значения Севастополь;670;5012.0;5839.0;5765.0;6473.0;7256.0;7852.0;8078.0
Северо-Кавказский федеральный округ;38;104053.0;109476.0;104333.0;86046.0;87680.0;86904.0;88994.0
Республика Дагестан;820;29211.0;29282.0;27444.0;22177.0;22735.0;23317.0;25147.0
Республика Ингушетия;260;3056.0;3734.0;3203.0;2987.0;3082.0;3453.0;3332.0
Кабардино-Балкарская Республика;830;7263.0;7795.0;6697.0;5145.0;5196.0;5755.0;5015.0
Карачаево-Черкесская Республика;910;5840.0;6303.0;6453.0;5894.0;6332.0;6200.0;6278.0
Республика Северная Осетия-Алания;900;7841.0;8512.0;6914.0;5428.0;4969.0;5353.0;5101.0
Чеченская Республика;960;10938.0;11105.0;10370.0;7985.0;8831.0;9007.0;9031.0
Ставропольский край;700;39904.0;42745.0;43252.0;36430.0;36535.0;33819.0;35090.0
Приволжский федеральный округ;33;443123.0;456700.0;419761.0;360634.0;376676.0;353343.0;341815.0
Республика Башкортостан;800;76536.0;78928.0;74473.0;63711.0;69561.0;66755.0;68351.0
Республика Марий Эл;880;12031.0;11824.0;12343.0;11163.0;10851.0;10814.0;10131.0
Республика Мордовия;890;11814.0;12439.0;11482.0;9423.0;9877.0;9560.0;8837.0
Республика Татарстан (Татарстан);920;46288.0;47671.0;43294.0;40355.0;43451.0;38298.0;39062.0
Удмуртская Республика;940;26300.0;26568.0;21830.0;19025.0;20914.0;20803.0;19729.0
Чувашская Республика - Чувашия;970;25773.0;27726.0;23321.0;19877.0;19781.0;18081.0;17046.0
Пермский край;570;46767.0;47956.0;42789.0;37025.0;38979.0;35047.0;33515.0
Кировская область;330;28067.0;29308.0;27020.0;23267.0;23227.0;22881.0;22183.0
Нижегородская область;220;35876.0;37233.0;35302.0;31295.0;30982.0;28840.0;26322.0
Оренбургская область;530;30251.0;29745.0;29653.0;24810.0;26166.0;24095.0;22248.0
Пензенская область;560;18298.0;18422.0;17154.0;12702.0;12510.0;12139.0;11780.0
Самарская область;360;34537.0;37163.0;33742.0;28934.0;31151.0;28432.0;27674.0
Саратовская область;630;34461.0;34612.0;32627.0;26767.0;26372.0;25933.0;24336.0
Саратов;634;8449.0;;;;;;
Балаково;634;2009.0;;;;;;
Ульяновская область;730;16124.0;17105.0;14731.0;12280.0;12854.0;11665.0;10601.0
Уральский федеральный округ;34;207194.0;210866.0;192176.0;170167.0;174409.0;160923.0;152671.0
Курганская область;370;17288.0;18861.0;16794.0;15618.0;15882.0;14324.0;13387.0
Свердловская область;650;62284.0;63012.0;54907.0;49067.0;48712.0;44093.0;40939.0
Тюменская область;710;78545.0;79239.0;73155.0;63493.0;65910.0;61852.0;58969.0
Ханты-Мансийский автономный округ - Югра (Тюменская область);711;38641.0;37413.0;34131.0;29695.0;;;
Ямало-Ненецкий автономный округ (Тюменская область);711;17265.0;17345.0;15598.0;12945.0;13385.0;12550.0;11630.0
Тюменская область (кроме Ханты-Мансийского автономного округа-Югры и Ямало-Ненецкого автономного округа);710;22639.0;24481.0;23426.0;20853.0;21117.0;20335.0;19529.0
Челябинская область;750;49077.0;49754.0;47320.0;41989.0;43905.0;40654.0;39376.0
Сибирский федеральный округ;35;330263.0;;;;;;
Сибирский федеральный округ (с 03.11.2018);41;;299599.0;267624.0;236060.0;250146.0;237378.0;225000.0
Республика Алтай;840;7346.0;7264.0;7008.0;6256.0;6523.0;6450.0;6022.0
Республика Тыва;930;7652.0;7719.0;6494.0;5726.0;6943.0;7843.0;6829.0
Республика Хакасия;950;12786.0;12849.0;11080.0;10811.0;11728.0;10948.0;10656.0
Алтайский край;100;37005.0;39719.0;38001.0;31367.0;34471.0;31105.0;29835.0
Чита;764;4756.0;5130.0;;;;;
Красноярский край;400;60516.0;62848.0;57065.0;53751.0;58844.0;57196.0;55987.0
Иркутская область;250;37232.0;38378.0;31999.0;27652.0;27100.0;27205.0;25846.0
Кемеровская область - Кузбасс;320;40957.0;42534.0;36747.0;31469.0;32567.0;30148.0;28132.0
Новосибирская область;500;32304.0;35444.0;32402.0;30355.0;32364.0;30860.0;29303.0
Омская область;520;30061.0;31382.0;28234.0;23258.0;24810.0;22622.0;20965.0
Томская область;690;21196.0;21462.0;18594.0;15415.0;14796.0;13001.0;11425.0
Томск;694;10780.0;10824.0;;;;;
Дальневосточный федеральный округ;36;128674.0;;;;;;
Дальневосточный федеральный округ (с 03.11.2018);42;;174419.0;162618.0;143609.0;152757.0;147060.0;136730.0
Республика Бурятия;810;24017.0;24988.0;23982.0;21819.0;23510.0;22106.0;21410.0
Забайкальский край;760;19191.0;19592.0;18409.0;15515.0;16136.0;15573.0;14089.0
Республика Саха (Якутия);980;23749.0;23426.0;21452.0;18902.0;23301.0;21854.0;21317.0
Камчатский край;300;5824.0;6263.0;5783.0;5344.0;5484.0;5071.0;4773.0
Приморский край;500;37156.0;38568.0;36649.0;32044.0;33355.0;31753.0;29246.0
Хабаровский край;800;25649.0;25373.0;23688.0;20482.0;22444.0;21470.0;20349.0
Амурская область;100;15675.0;15822.0;14198.0;13383.0;12650.0;13679.0;10908.0
Магаданская область;440;4351.0;4497.0;4081.0;3389.0;3423.0;3348.0;2986.0
Сахалинская область;640;10669.0;10676.0;9203.0;8176.0;7691.0;7347.0;7234.0
Еврейская автономная область;990;3313.0;2799.0;2679.0;2227.0;2612.0;2581.0;2258.0
Чукотский автономный округ;770;2288.0;2415.0;2494.0;2328.0;2151.0;2278.0;2160.0
Энгельс;634;2195.0;;;;;;
Северск;695;1327.0;1388.0;;;;;
Российская Федерация;643;1347992.0;1393343.0;1306441.0;1138758.0;1150486.0;1113850.0;1094024.0
Центральный федеральный округ;30;347087.0;375381.0;358490.0;314981.0;302551.0;304970.0;323816.0
Белгородская область;140;12689.0;13390.0;12533.0;9976.0;9547.0;9612.0;10779.0
Брянская область;150;11694.0;11947.0;10807.0;8945.0;8529.0;8441.0;7845.0
Владимирская область;170;12208.0;12613.0;11328.0;9045.0;9330.0;9259.0;8686.0
Воронежская область;200;17687.0;18285.0;18390.0;15061.0;13782.0;13526.0;12313.0
Ивановская область;240;10978.0;11204.0;10636.0;8745.0;8755.0;8020.0;7453.0
Калужская область;290;9577.0;9975.0;8130.0;7031.0;9532.0;9676.0;9149.0
Костромская область;340;6549.0;6942.0;6198.0;5444.0;4918.0;4379.0;4068.0
Курская область;380;9352.0;10186.0;9427.0;7375.0;7837.0;7912.0;6909.0
Липецкая область;420;7660.0;8193.0;7690.0;6116.0;6365.0;6101.0;5323.0
Московская область;460;89589.0;96022.0;93333.0;91447.0;84740.0;82906.0;86397.0
Орловская область;540;5948.0;6283.0;5391.0;3978.0;3661.0;3588.0;3246.0
Рязанская область;610;9877.0;10136.0;10039.0;8752.0;8269.0;8317.0;7906.0
Смоленская область;660;9654.0;9804.0;8858.0;7344.0;7839.0;7785.0;7153.0
Тамбовская область;680;7760.0;8187.0;7449.0;5843.0;5591.0;5152.0;4610.0
Тверская область;280;12254.0;11994.0;11931.0;9762.0;10163.0;9822.0;9438.0
Тульская область;700;11717.0;12232.0;11363.0;9262.0;9309.0;9457.0;8209.0
Ярославская область;780;10923.0;11383.0;10820.0;9611.0;8998.0;8873.0;8890.0
Город Москва столица Российской Федерации город федерального значения;450;90971.0;106605.0;104167.0;91244.0;85386.0;92144.0;115442.0
Северо-Западный федеральный округ;31;195114.0;198774.0;187554.0;165122.0;168780.0;158772.0;150646.0
Республика Карелия;860;7532.0;7525.0;6752.0;5526.0;5942.0;5148.0;4731.0
Республика Коми;870;14709.0;14338.0;12655.0;10344.0;10549.0;9765.0;9090.0
Архангельская область;110;15583.0;15711.0;14238.0;11571.0;12110.0;11781.0;11788.0
Ненецкий автономный округ (Архангельская область);111;819.0;886.0;746.0;628.0;666.0;634.0;614.0
Архангельская область (кроме Ненецкого автономного округа);110;14764.0;14825.0;13492.0;10943.0;11444.0;11147.0;11174.0
Вологодская область;190;9404.0;8737.0;7916.0;6433.0;6621.0;5624.0;5127.0
Вологда;194;3206.0;2690.0;;;;;
Череповец;194;3004.0;2973.0;;;;;
Калининградская область;270;10753.0;11362.0;11672.0;10241.0;11031.0;11093.0;10182.0
Ленинградская область;410;18462.0;18843.0;18909.0;19281.0;19956.0;18877.0;18946.0
Мурманская область;470;17878.0;17795.0;16474.0;13381.0;13161.0;12369.0;11527.0
Новгородская область;490;6808.0;6585.0;6351.0;5994.0;5891.0;5622.0;4984.0
Псковская область;580;8678.0;8239.0;8384.0;6911.0;6632.0;6424.0;6139.0
Город Санкт-Петербург город федерального значения;400;85307.0;89639.0;84203.0;75440.0;76887.0;72069.0;68132.0
Южный федеральный округ (с 29.07.2016);40;116271.0;118779.0;113341.0;103526.0;105627.0;105691.0;103739.0
Республика Адыгея (Адыгея);790;3241.0;3056.0;2841.0;2765.0;2684.0;2875.0;2786.0
Республика Калмыкия;850;3385.0;3337.0;3044.0;2435.0;2607.0;2765.0;2399.0
Республика Крым;350;7990.0;8630.0;9028.0;10075.0;9991.0;10358.0;9330.0
Краснодарский край;300;39168.0;38828.0;37803.0;33344.0;34130.0;33452.0;33560.0
Краснодар;340;11419.0;11462.0;;;;;
Армавир;340;1546.0;1544.0;;;;;
Новороссийск;342;2971.0;2779.0;;;;;
Сочи;342;5844.0;6483.0;;;;;
Астраханская область;120;7031.0;6858.0;6412.0;5943.0;6514.0;6309.0;5826.0
Волгоградская область;180;19861.0;20964.0;18894.0;16159.0;16218.0;16590.0;16268.0
Ростовская область;600;30286.0;30871.0;28985.0;25816.0;25696.0;25428.0;24897.0
Город федерального значения Севастополь;670;5309.0;6235.0;6334.0;6989.0;7787.0;7914.0;8673.0
Северо-Кавказский федеральный округ;38;48128.0;48146.0;46713.0;38411.0;38755.0;38182.0;35741.0
Республика Дагестан;820;11296.0;10726.0;10764.0;8579.0;8576.0;8707.0;7989.0
Республика Ингушетия;260;1707.0;1742.0;1722.0;1658.0;1760.0;1948.0;1500.0
Кабардино-Балкарская Республика;830;4170.0;4110.0;3737.0;2716.0;2797.0;2869.0;2608.0
Карачаево-Черкесская Республика;910;2187.0;2265.0;2400.0;2219.0;2437.0;2318.0;2298.0
Республика Северная Осетия-Алания;900;5108.0;5020.0;4708.0;3457.0;3284.0;3425.0;2857.0
Чеченская Республика;960;3727.0;4004.0;3631.0;2904.0;3418.0;3701.0;3145.0
Ставропольский край;700;19933.0;20279.0;19751.0;16878.0;16483.0;15214.0;15344.0
Приволжский федеральный округ;33;227261.0;232362.0;214425.0;184804.0;191415.0;181637.0;176217.0
Республика Башкортостан;800;32113.0;32810.0;31440.0;27484.0;28950.0;29093.0;29282.0
Республика Марий Эл;880;5558.0;5325.0;5627.0;4904.0;4904.0;4750.0;4533.0
Республика Мордовия;890;5841.0;5616.0;5381.0;4512.0;4544.0;4607.0;4371.0
Республика Татарстан (Татарстан);920;26770.0;27626.0;26156.0;23938.0;26328.0;22655.0;23331.0
Удмуртская Республика;940;10368.0;10785.0;9132.0;8316.0;9000.0;9041.0;8492.0
Чувашская Республика - Чувашия;970;10585.0;11028.0;9660.0;8574.0;8203.0;7707.0;7572.0
Пермский край;570;23319.0;24224.0;21356.0;18821.0;19644.0;17830.0;16937.0
Кировская область;330;14865.0;15717.0;15028.0;12522.0;13062.0;12699.0;12602.0
Нижегородская область;220;23301.0;23385.0;21824.0;18727.0;18795.0;18299.0;17220.0
Оренбургская область;530;12923.0;12424.0;11728.0;9701.0;10659.0;10047.0;9296.0
Пензенская область;560;9305.0;9336.0;8222.0;6464.0;6218.0;5919.0;5723.0
Самарская область;360;22370.0;23948.0;21256.0;17954.0;18821.0;17863.0;17162.0
Саратовская область;630;20873.0;20596.0;19148.0;15621.0;14880.0;14458.0;13488.0
Саратов;634;8227.0;;;;;;
Балаково;634;1733.0;;;;;;
Ульяновская область;730;9070.0;9542.0;8467.0;7266.0;7407.0;6669.0;6208.0
Уральский федеральный округ;34;139451.0;140426.0;130132.0;111249.0;115047.0;105858.0;99940.0
Курганская область;370;7746.0;8070.0;7275.0;6501.0;6723.0;5879.0;5563.0
Свердловская область;650;40794.0;41052.0;38077.0;32622.0;31709.0;28716.0;26490.0
Тюменская область;710;60085.0;59272.0;54370.0;46253.0;49103.0;46632.0;44145.0
Ханты-Мансийский автономный округ - Югра (Тюменская область);711;33023.0;31306.0;29032.0;24290.0;;;
Ямало-Ненецкий автономный округ (Тюменская область);711;15211.0;14849.0;12929.0;10637.0;10901.0;10764.0;9742.0
Тюменская область (кроме Ханты-Мансийского автономного округа-Югры и Ямало-Ненецкого автономного округа);710;11851.0;13117.0;12409.0;11326.0;11618.0;11368.0;10774.0
Челябинская область;750;30826.0;32032.0;30410.0;25873.0;27512.0;24631.0;23742.0
Сибирский федеральный округ;35;189792.0;;;;;;
Сибирский федеральный округ (с 03.11.2018);41;;173310.0;157315.0;134791.0;139065.0;132445.0;124457.0
Республика Алтай;840;1674.0;1512.0;1560.0;1297.0;1298.0;1351.0;1250.0
Республика Тыва;930;3164.0;3447.0;3006.0;2709.0;2888.0;3057.0;3032.0
Республика Хакасия;950;6269.0;6281.0;5824.0;5358.0;6010.0;5495.0;5426.0
Алтайский край;100;17560.0;18180.0;17502.0;13701.0;15170.0;13705.0;13060.0
Чита;764;4130.0;4471.0;;;;;
Красноярский край;400;37641.0;38753.0;36150.0;33059.0;34932.0;34142.0;33554.0
Иркутская область;250;23785.0;23620.0;19870.0;15746.0;15615.0;15564.0;14302.0
Кемеровская область - Кузбасс;320;28281.0;29938.0;26806.0;22492.0;23080.0;21624.0;20189.0
Новосибирская область;500;21723.0;22899.0;20060.0;18224.0;18967.0;18094.0;16432.0
Омская область;520;16088.0;16457.0;15086.0;12658.0;12532.0;11169.0;10036.0
Томская область;690;12569.0;12223.0;11451.0;9547.0;8573.0;8244.0;7176.0
Томск;694;9228.0;9000.0;;;;;
Дальневосточный федеральный округ;36;84888.0;;;;;;
Дальневосточный федеральный округ (с 03.11.2018);42;;106165.0;98471.0;85874.0;89246.0;86295.0;79468.0
Республика Бурятия;810;10738.0;11102.0;10477.0;9111.0;9992.0;9124.0;8692.0
Забайкальский край;760;10300.0;10717.0;9991.0;8428.0;8254.0;7824.0;7405.0
Республика Саха (Якутия);980;14278.0;13859.0;12907.0;11831.0;12366.0;12273.0;11368.0
Камчатский край;300;4335.0;4600.0;4205.0;3752.0;3857.0;3667.0;3466.0
Приморский край;500;23938.0;24515.0;22947.0;20139.0;21399.0;21024.0;18674.0
Хабаровский край;800;17498.0;16617.0;16072.0;13483.0;14518.0;14224.0;13572.0
Амурская область;100;9166.0;9048.0;8049.0;6929.0;6757.0;7085.0;6017.0
Магаданская область;440;3734.0;3912.0;3399.0;2903.0;3034.0;2722.0;2602.0
Сахалинская область;640;7796.0;7945.0;6421.0;5684.0;5491.0;4895.0;4618.0
Еврейская автономная область;990;1837.0;1554.0;1626.0;1342.0;1561.0;1418.0;1188.0
Чукотский автономный округ;770;2306.0;2296.0;2377.0;2272.0;2017.0;2039.0;1866.0
Энгельс;634;2134.0;;;;;;
Северск;695;1274.0;1326.0;;;;;
Российская Федерация;643;603943.0;627132.0;586224.0;498655.0;526907.0;492158.0;
Центральный федеральный округ;30;122202.0;128197.0;117277.0;97417.0;96933.0;90208.0;
Белгородская область;140;7177.0;8347.0;7836.0;6275.0;6251.0;5714.0;
Брянская область;150;6615.0;6509.0;5774.0;4846.0;5152.0;4814.0;
Владимирская область;170;5224.0;5271.0;4582.0;3545.0;4058.0;3813.0;
Воронежская область;200;12397.0;12445.0;11558.0;9444.0;9459.0;8906.0;
Ивановская область;240;3702.0;3786.0;3630.0;3018.0;2960.0;2823.0;
Калужская область;290;4869.0;4914.0;4129.0;3751.0;4763.0;4724.0;
Костромская область;340;4636.0;4555.0;4557.0;3780.0;3388.0;2878.0;
Курская область;380;6356.0;7241.0;6334.0;5153.0;4975.0;4897.0;
Липецкая область;420;8210.0;8483.0;8340.0;6480.0;6766.0;5943.0;
Московская область;460;20190.0;22194.0;19885.0;17548.0;16475.0;15948.0;
Орловская область;540;4121.0;4317.0;3674.0;2708.0;2624.0;2468.0;
Рязанская область;610;5934.0;6582.0;5950.0;5077.0;4966.0;4820.0;
Смоленская область;660;4867.0;4806.0;4527.0;3850.0;3801.0;3902.0;
Тамбовская область;680;7141.0;7245.0;6550.0;4888.0;4661.0;4303.0;
Тверская область;280;6265.0;6575.0;6045.0;5075.0;5109.0;4871.0;
Тульская область;700;7532.0;7476.0;6722.0;5284.0;5716.0;5369.0;
Ярославская область;780;5489.0;5416.0;4846.0;3994.0;4007.0;4015.0;
Город Москва столица Российской Федерации город федерального значения;450;1477.0;2035.0;2338.0;2701.0;1802.0;;
Северо-Западный федеральный округ;31;48963.0;50496.0;46838.0;38581.0;39840.0;37195.0;
Республика Карелия;860;3532.0;3408.0;3100.0;2385.0;2585.0;2251.0;
Республика Коми;870;4750.0;4646.0;3866.0;3573.0;3889.0;3357.0;
Архангельская область;110;6903.0;7158.0;6495.0;4916.0;5452.0;5163.0;
Ненецкий автономный округ (Архангельская область);111;323.0;323.0;327.0;262.0;216.0;237.0;
Архангельская область (кроме Ненецкого автономного округа);110;6580.0;6835.0;6168.0;4654.0;5236.0;4926.0;
Вологодская область;190;6613.0;6215.0;5300.0;4470.0;4253.0;3808.0;
Калининградская область;270;3762.0;4055.0;4548.0;3927.0;4270.0;3945.0;
Ленинградская область;410;13078.0;14124.0;13152.0;9973.0;10303.0;10512.0;
Мурманская область;470;2056.0;2088.0;2041.0;1776.0;1497.0;1611.0;
Новгородская область;490;3842.0;3956.0;3683.0;3579.0;3437.0;3008.0;
Псковская область;580;4427.0;4846.0;4653.0;3982.0;4154.0;3540.0;
Южный федеральный округ (с 29.07.2016);40;72076.0;73771.0;69486.0;62290.0;65493.0;61366.0;
Республика Адыгея (Адыгея);790;3294.0;3120.0;2801.0;2569.0;3141.0;2872.0;
Республика Калмыкия;850;3824.0;3980.0;3810.0;2915.0;3097.0;3288.0;
Республика Крым;350;7263.0;7796.0;7819.0;9196.0;8776.0;8339.0;
Краснодарский край;300;26605.0;26351.0;24248.0;20885.0;22747.0;20209.0;
Астраханская область;120;3887.0;3856.0;3619.0;3177.0;3407.0;3090.0;
Волгоградская область;180;9683.0;10499.0;9391.0;7761.0;8243.0;7604.0;
Ростовская область;600;17312.0;18002.0;17670.0;15618.0;15879.0;15803.0;
Город федерального значения Севастополь;670;208.0;167.0;128.0;169.0;203.0;161.0;
Северо-Кавказский федеральный округ;38;44730.0;46981.0;44049.0;35274.0;35868.0;34969.0;
Республика Дагестан;820;15799.0;16055.0;14595.0;11674.0;11453.0;10872.0;
Республика Ингушетия;260;1140.0;1305.0;1090.0;880.0;844.0;944.0;
Кабардино-Балкарская Республика;830;2252.0;2239.0;1994.0;1569.0;1503.0;1616.0;
Карачаево-Черкесская Республика;910;2801.0;3101.0;3099.0;2695.0;2972.0;2730.0;
Республика Северная Осетия-Алания;900;2552.0;2693.0;2064.0;1567.0;1429.0;1432.0;
Чеченская Республика;960;5374.0;5556.0;4850.0;3719.0;4101.0;4952.0;
Ставропольский край;700;14812.0;16032.0;16357.0;13170.0;13566.0;12423.0;
Приволжский федеральный округ;33;144151.0;149053.0;142274.0;120864.0;131749.0;119812.0;
Республика Башкортостан;800;30826.0;31956.0;31474.0;26494.0;31208.0;28593.0;
Республика Марий Эл;880;3294.0;3357.0;3869.0;3459.0;3432.0;3102.0;
Республика Мордовия;890;4381.0;4780.0;4462.0;3362.0;3691.0;3457.0;
Республика Татарстан (Татарстан);920;12640.0;12589.0;11871.0;10892.0;12056.0;10554.0;
Удмуртская Республика;940;10018.0;9966.0;8452.0;7483.0;8104.0;7689.0;
Чувашская Республика - Чувашия;970;9059.0;10035.0;8281.0;6825.0;7481.0;6442.0;
Пермский край;570;13743.0;14642.0;12481.0;10754.0;12287.0;10983.0;
Кировская область;330;8373.0;8493.0;7959.0;6943.0;7002.0;6573.0;
Нижегородская область;220;9701.0;10278.0;10440.0;9515.0;9406.0;8167.0;
Оренбургская область;530;13091.0;13151.0;13900.0;11316.0;12124.0;11007.0;
Пензенская область;560;6308.0;6349.0;6325.0;4609.0;4360.0;4181.0;
Самарская область;360;8046.0;8279.0;9042.0;7291.0;8269.0;7571.0;
Саратовская область;630;10178.0;10408.0;9753.0;8283.0;8348.0;8199.0;
Ульяновская область;730;4493.0;4770.0;3965.0;3638.0;3981.0;3294.0;
Уральский федеральный округ;34;43884.0;45590.0;41435.0;37501.0;38528.0;36634.0;
Курганская область;370;6823.0;7647.0;6921.0;6580.0;6548.0;6210.0;
Свердловская область;650;12003.0;12227.0;9477.0;8739.0;9062.0;8433.0;
Тюменская область;710;13233.0;14043.0;13517.0;11708.0;11892.0;11271.0;
Ханты-Мансийский автономный округ - Югра (Тюменская область);711;3499.0;3830.0;3378.0;2975.0;;;
Ямало-Ненецкий автономный округ (Тюменская область);711;2123.0;2017.0;1929.0;1498.0;1745.0;1490.0;
Тюменская область (кроме Ханты-Мансийского автономного округа-Югры и Ямало-Ненецкого автономного округа);710;7611.0;8196.0;8210.0;7235.0;7052.0;6899.0;
Челябинская область;750;11825.0;11673.0;11520.0;10474.0;11026.0;10720.0;
Сибирский федеральный округ;35;95609.0;;;;;;
Сибирский федеральный округ (с 03.11.2018);41;;85270.0;79236.0;68365.0;74594.0;70274.0;
Республика Алтай;840;3966.0;4017.0;3864.0;3153.0;3624.0;3495.0;
Республика Тыва;930;2307.0;2240.0;1966.0;1496.0;2056.0;2296.0;
Республика Хакасия;950;3732.0;3614.0;3285.0;3048.0;3497.0;3109.0;
Алтайский край;100;17403.0;18975.0;18271.0;15291.0;16246.0;14994.0;
Красноярский край;400;15816.0;16399.0;15311.0;14013.0;16259.0;15631.0;
Иркутская область;250;7712.0;8236.0;6898.0;6216.0;6242.0;6316.0;
Кемеровская область - Кузбасс;320;7463.0;7224.0;6257.0;5390.0;5289.0;5159.0;
Новосибирская область;500;7435.0;8453.0;8796.0;7937.0;8522.0;7675.0;
Омская область;520;10178.0;10521.0;9763.0;8199.0;8881.0;8239.0;
Томская область;690;5475.0;5591.0;4825.0;3622.0;3978.0;3360.0;
Дальневосточный федеральный округ;36;32328.0;;;;;;
Дальневосточный федеральный округ (с 03.11.2018);42;;47774.0;45629.0;38363.0;43902.0;41700.0;
Республика Бурятия;810;8501.0;8832.0;9087.0;7727.0;8881.0;8115.0;
Забайкальский край;760;5621.0;5864.0;5691.0;4523.0;5031.0;4527.0;
Республика Саха (Якутия);980;6623.0;7119.0;5952.0;5077.0;7134.0;6646.0;
Камчатский край;300;1297.0;1348.0;1357.0;1302.0;1297.0;1368.0;
Приморский край;500;9947.0;9854.0;9727.0;8061.0;9097.0;8428.0;
Хабаровский край;800;5634.0;5960.0;5653.0;4421.0;5327.0;5217.0;
Амурская область;100;5012.0;5235.0;4875.0;4305.0;4148.0;4410.0;
Магаданская область;440;316.0;298.0;277.0;204.0;192.0;180.0;
Сахалинская область;640;2325.0;2148.0;1815.0;1801.0;1670.0;1598.0;
Еврейская автономная область;990;825.0;738.0;740.0;567.0;717.0;826.0;
Чукотский автономный округ;770;349.0;378.0;455.0;375.0;408.0;385.0;
Российская Федерация;643;;;;;;;469543.0
Центральный федеральный округ;30;;;;;;;82465.0
Белгородская область;140;;;;;;;6920.0
Брянская область;150;;;;;;;4466.0
Владимирская область;170;;;;;;;3366.0
Воронежская область;200;;;;;;;7546.0
Ивановская область;240;;;;;;;2493.0
Калужская область;290;;;;;;;4082.0
Костромская область;340;;;;;;;2767.0
Курская область;380;;;;;;;4358.0
Липецкая область;420;;;;;;;4866.0
Московская область;460;;;;;;;15667.0
Орловская область;540;;;;;;;2240.0
Рязанская область;610;;;;;;;4435.0
Смоленская область;660;;;;;;;3543.0
Тамбовская область;680;;;;;;;3664.0
Тверская область;280;;;;;;;3901.0
Тульская область;700;;;;;;;4669.0
Ярославская область;780;;;;;;;3482.0
Северо-Западный федеральный округ;31;;;;;;;35371.0
Республика Карелия;860;;;;;;;2086.0
Республика Коми;870;;;;;;;3283.0
Архангельская область;110;;;;;;;5265.0
Ненецкий автономный округ (Архангельская область);111;;;;;;;203.0
Архангельская область (кроме Ненецкого автономного округа);110;;;;;;;5062.0
Вологодская область;190;;;;;;;3384.0
Калининградская область;270;;;;;;;3866.0
Ленинградская область;410;;;;;;;9891.0
Мурманская область;470;;;;;;;1562.0
Новгородская область;490;;;;;;;2658.0
Псковская область;580;;;;;;;3376.0
Южный федеральный округ (с 29.07.2016);40;;;;;;;60938.0
Республика Адыгея (Адыгея);790;;;;;;;3013.0
Республика Калмыкия;850;;;;;;;2960.0
Республика Крым;350;;;;;;;7303.0
Краснодарский край;300;;;;;;;20735.0
Астраханская область;120;;;;;;;3204.0
Волгоградская область;180;;;;;;;7092.0
Ростовская область;600;;;;;;;16527.0
Город федерального значения Севастополь;670;;;;;;;104.0
Северо-Кавказский федеральный округ;38;;;;;;;34294.0
Республика Дагестан;820;;;;;;;10326.0
Республика Ингушетия;260;;;;;;;898.0
Кабардино-Балкарская Республика;830;;;;;;;1512.0
Карачаево-Черкесская Республика;910;;;;;;;2734.0
Республика Северная Осетия-Алания;900;;;;;;;1522.0
Чеченская Республика;960;;;;;;;4365.0
Ставропольский край;700;;;;;;;12937.0
Приволжский федеральный округ;33;;;;;;;114422.0
Республика Башкортостан;800;;;;;;;29037.0
Республика Марий Эл;880;;;;;;;2881.0
Республика Мордовия;890;;;;;;;3223.0
Республика Татарстан (Татарстан);920;;;;;;;10168.0
Удмуртская Республика;940;;;;;;;7301.0
Чувашская Республика - Чувашия;970;;;;;;;5971.0
Пермский край;570;;;;;;;10657.0
Кировская область;330;;;;;;;6328.0
Нижегородская область;220;;;;;;;7360.0
Оренбургская область;530;;;;;;;10030.0
Пензенская область;560;;;;;;;4098.0
Самарская область;360;;;;;;;6943.0
Саратовская область;630;;;;;;;7458.0
Ульяновская область;730;;;;;;;2967.0
Уральский федеральный округ;34;;;;;;;33815.0
Курганская область;370;;;;;;;5651.0
Свердловская область;650;;;;;;;7735.0
Тюменская область;710;;;;;;;10382.0
Ямало-Ненецкий автономный округ (Тюменская область);711;;;;;;;1307.0
Тюменская область (кроме Ханты-Мансийского автономного округа-Югры и Ямало-Ненецкого автономного округа);710;;;;;;;6533.0
Челябинская область;750;;;;;;;10047.0
Сибирский федеральный округ (с 03.11.2018);41;;;;;;;68859.0
Республика Алтай;840;;;;;;;3340.0
Республика Тыва;930;;;;;;;2236.0
Республика Хакасия;950;;;;;;;3191.0
Алтайский край;100;;;;;;;14413.0
Красноярский край;400;;;;;;;15248.0
Иркутская область;250;;;;;;;6455.0
Кемеровская область - Кузбасс;320;;;;;;;5115.0
Новосибирская область;500;;;;;;;8131.0
Омская область;520;;;;;;;7759.0
Томская область;690;;;;;;;2971.0
Дальневосточный федеральный округ (с 03.11.2018);42;;;;;;;39379.0
Республика Бурятия;810;;;;;;;8162.0
Забайкальский край;760;;;;;;;4368.0
Республика Саха (Якутия);980;;;;;;;6444.0
Камчатский край;300;;;;;;;1265.0
Приморский край;500;;;;;;;8127.0
Хабаровский край;800;;;;;;;4812.0
Амурская область;100;;;;;;;3319.0
Магаданская область;440;;;;;;;154.0
Сахалинская область;640;;;;;;;1609.0
Еврейская автономная область;990;;;;;;;692.0
Чукотский автономный округ;770;;;;;;;427.0
Российская Федерация;643;1951935.0;2020475.0;1892665.0;1637413.0;1677393.0;1606008.0;1563567.0
Центральный федеральный округ;30;469289.0;503578.0;475767.0;412398.0;399484.0;395178.0;406281.0
Белгородская область;140;19866.0;21737.0;20369.0;16251.0;15798.0;15326.0;17699.0
Брянская область;150;18309.0;18456.0;16581.0;13791.0;13681.0;13255.0;12311.0
Владимирская область;170;17432.0;17884.0;15910.0;12590.0;13388.0;13072.0;12052.0
Воронежская область;200;30084.0;30730.0;29948.0;24505.0;23241.0;22432.0;19859.0
Ивановская область;240;14680.0;14990.0;14266.0;11763.0;11715.0;10843.0;9946.0
Калужская область;290;14446.0;14889.0;12259.0;10782.0;14295.0;14400.0;13231.0
Костромская область;340;11185.0;11497.0;10755.0;9224.0;8306.0;7257.0;6835.0
Курская область;380;15708.0;17427.0;15761.0;12528.0;12812.0;12809.0;11267.0
Липецкая область;420;15870.0;16676.0;16030.0;12596.0;13131.0;12044.0;10189.0
Московская область;460;109779.0;118216.0;113218.0;108995.0;101215.0;98854.0;102064.0
Орловская область;540;10069.0;10600.0;9065.0;6686.0;6285.0;6056.0;5486.0
Рязанская область;610;15811.0;16718.0;15989.0;13829.0;13235.0;13137.0;12341.0
Смоленская область;660;14521.0;14610.0;13385.0;11194.0;11640.0;11687.0;10696.0
Тамбовская область;680;14901.0;15432.0;13999.0;10731.0;10252.0;9455.0;8274.0
Тверская область;280;18519.0;18569.0;17976.0;14837.0;15272.0;14693.0;13339.0
Тульская область;700;19249.0;19708.0;18085.0;14546.0;15025.0;14826.0;12878.0
Ярославская область;780;16412.0;16799.0;15666.0;13605.0;13005.0;12888.0;12372.0
Город Москва столица Российской Федерации город федерального значения;450;92448.0;108640.0;106505.0;93945.0;87188.0;92144.0;115442.0
Северо-Западный федеральный округ;31;244077.0;249270.0;234392.0;203703.0;208620.0;195967.0;186017.0
Республика Карелия;860;11064.0;10933.0;9852.0;7911.0;8527.0;7399.0;6817.0
Республика Коми;870;19459.0;18984.0;16521.0;13917.0;14438.0;13122.0;12373.0
Архангельская область;110;22486.0;22869.0;20733.0;16487.0;17562.0;16944.0;17053.0
Ненецкий автономный округ (Архангельская область);111;1142.0;1209.0;1073.0;890.0;882.0;871.0;817.0
Архангельская область (кроме Ненецкого автономного округа);110;21344.0;21660.0;19660.0;15597.0;16680.0;16073.0;16236.0
Вологодская область;190;16017.0;14952.0;13216.0;10903.0;10874.0;9432.0;8511.0
Вологда;194;3206.0;2690.0;;;;;
Череповец;194;3004.0;2973.0;;;;;
Калининградская область;270;14515.0;15417.0;16220.0;14168.0;15301.0;15038.0;14048.0
Ленинградская область;410;31540.0;32967.0;32061.0;29254.0;30259.0;29389.0;28837.0
Мурманская область;470;19934.0;19883.0;18515.0;15157.0;14658.0;13980.0;13089.0
Новгородская область;490;10650.0;10541.0;10034.0;9573.0;9328.0;8630.0;7642.0
Псковская область;580;13105.0;13085.0;13037.0;10893.0;10786.0;9964.0;9515.0
Город Санкт-Петербург город федерального значения;400;85307.0;89639.0;84203.0;75440.0;76887.0;72069.0;68132.0
Южный федеральный округ (с 29.07.2016);40;188347.0;192550.0;182827.0;165816.0;171120.0;167057.0;164677.0
Республика Адыгея (Адыгея);790;6535.0;6176.0;5642.0;5334.0;5825.0;5747.0;5799.0
Республика Калмыкия;850;7209.0;7317.0;6854.0;5350.0;5704.0;6053.0;5359.0
Республика Крым;350;15253.0;16426.0;16847.0;19271.0;18767.0;18697.0;16633.0
Краснодарский край;300;65773.0;65179.0;62051.0;54229.0;56877.0;53661.0;54295.0
Краснодар;340;11419.0;11462.0;;;;;
Армавир;340;1546.0;1544.0;;;;;
Новороссийск;342;2971.0;2779.0;;;;;
Сочи;342;5844.0;6483.0;;;;;
Астраханская область;120;10918.0;10714.0;10031.0;9120.0;9921.0;9399.0;9030.0
Волгоградская область;180;29544.0;31463.0;28285.0;23920.0;24461.0;24194.0;23360.0
Ростовская область;600;47598.0;48873.0;46655.0;41434.0;41575.0;41231.0;41424.0
Город федерального значения Севастополь;670;5517.0;6402.0;6462.0;7158.0;7990.0;8075.0;8777.0
Северо-Кавказский федеральный округ;38;92858.0;95127.0;90762.0;73685.0;74623.0;73151.0;70035.0
Республика Дагестан;820;27095.0;26781.0;25359.0;20253.0;20029.0;19579.0;18315.0
Республика Ингушетия;260;2847.0;3047.0;2812.0;2538.0;2604.0;2892.0;2398.0
Кабардино-Балкарская Республика;830;6422.0;6349.0;5731.0;4285.0;4300.0;4485.0;4120.0
Карачаево-Черкесская Республика;910;4988.0;5366.0;5499.0;4914.0;5409.0;5048.0;5032.0
Республика Северная Осетия-Алания;900;7660.0;7713.0;6772.0;5024.0;4713.0;4857.0;4379.0
Чеченская Республика;960;9101.0;9560.0;8481.0;6623.0;7519.0;8653.0;7510.0
Ставропольский край;700;34745.0;36311.0;36108.0;30048.0;30049.0;27637.0;28281.0
Приволжский федеральный округ;33;371412.0;381415.0;356699.0;305668.0;323164.0;301449.0;290639.0
Республика Башкортостан;800;62939.0;64766.0;62914.0;53978.0;60158.0;57686.0;58319.0
Республика Марий Эл;880;8852.0;8682.0;9496.0;8363.0;8336.0;7852.0;7414.0
Республика Мордовия;890;10222.0;10396.0;9843.0;7874.0;8235.0;8064.0;7594.0
Республика Татарстан (Татарстан);920;39410.0;40215.0;38027.0;34830.0;38384.0;33209.0;33499.0
Удмуртская Республика;940;20386.0;20751.0;17584.0;15799.0;17104.0;16730.0;15793.0
Чувашская Республика - Чувашия;970;19644.0;21063.0;17941.0;15399.0;15684.0;14149.0;13543.0
Пермский край;570;37062.0;38866.0;33837.0;29575.0;31931.0;28813.0;27594.0
Кировская область;330;23238.0;24210.0;22987.0;19465.0;20064.0;19272.0;18930.0
Нижегородская область;220;33002.0;33663.0;32264.0;28242.0;28201.0;26466.0;24580.0
Оренбургская область;530;26014.0;25575.0;25628.0;21017.0;22783.0;21054.0;19326.0
Пензенская область;560;15613.0;15685.0;14547.0;11073.0;10578.0;10100.0;9821.0
Самарская область;360;30416.0;32227.0;30298.0;25245.0;27090.0;25434.0;24105.0
Саратовская область;630;31051.0;31004.0;28901.0;23904.0;23228.0;22657.0;20946.0
Саратов;634;8227.0;;;;;;
Балаково;634;1733.0;;;;;;
Ульяновская область;730;13563.0;14312.0;12432.0;10904.0;11388.0;9963.0;9175.0
Уральский федеральный округ;34;183335.0;186016.0;171567.0;148750.0;153575.0;142492.0;133755.0
Курганская область;370;14569.0;15717.0;14196.0;13081.0;13271.0;12089.0;11214.0
Свердловская область;650;52797.0;53279.0;47554.0;41361.0;40771.0;37149.0;34225.0
Тюменская область;710;73318.0;73315.0;67887.0;57961.0;60995.0;57903.0;54527.0
Ханты-Мансийский автономный округ - Югра (Тюменская область);711;36522.0;35136.0;32410.0;27265.0;;;
Ямало-Ненецкий автономный округ (Тюменская область);711;17334.0;16866.0;14858.0;12135.0;12646.0;12254.0;11049.0
Тюменская область (кроме Ханты-Мансийского автономного округа-Югры и Ямало-Ненецкого автономного округа);710;19462.0;21313.0;20619.0;18561.0;18670.0;18267.0;17307.0
Челябинская область;750;42651.0;43705.0;41930.0;36347.0;38538.0;35351.0;33789.0
Сибирский федеральный округ;35;285401.0;;;;;;
Сибирский федеральный округ (с 03.11.2018);41;;258580.0;236551.0;203156.0;213659.0;202719.0;193316.0
Республика Алтай;840;5640.0;5529.0;5424.0;4450.0;4922.0;4846.0;4590.0
Республика Тыва;930;5471.0;5687.0;4972.0;4205.0;4944.0;5353.0;5268.0
Республика Хакасия;950;10001.0;9895.0;9109.0;8406.0;9507.0;8604.0;8617.0
Алтайский край;100;34963.0;37155.0;35773.0;28992.0;31416.0;28699.0;27473.0
Чита;764;4130.0;4471.0;;;;;
Красноярский край;400;53457.0;55152.0;51461.0;47072.0;51191.0;49773.0;48802.0
Иркутская область;250;31497.0;31856.0;26768.0;21962.0;21857.0;21880.0;20757.0
Кемеровская область - Кузбасс;320;35744.0;37162.0;33063.0;27882.0;28369.0;26783.0;25304.0
Новосибирская область;500;29158.0;31352.0;28856.0;26161.0;27489.0;25769.0;24563.0
Омская область;520;26266.0;26978.0;24849.0;20857.0;21413.0;19408.0;17795.0
Томская область;690;18044.0;17814.0;16276.0;13169.0;12551.0;11604.0;10147.0
Томск;694;9228.0;9000.0;;;;;
Дальневосточный федеральный округ;36;117216.0;;;;;;
Дальневосточный федеральный округ (с 03.11.2018);42;;153939.0;144100.0;124237.0;133148.0;127995.0;118847.0
Республика Бурятия;810;19239.0;19934.0;19564.0;16838.0;18873.0;17239.0;16854.0
Забайкальский край;760;15921.0;16581.0;15682.0;12951.0;13285.0;12351.0;11773.0
Республика Саха (Якутия);980;20901.0;20978.0;18859.0;16908.0;19500.0;18919.0;17812.0
Камчатский край;300;5632.0;5948.0;5562.0;5054.0;5154.0;5035.0;4731.0
Приморский край;500;33885.0;34369.0;32674.0;28200.0;30496.0;29452.0;26801.0
Хабаровский край;800;23132.0;22577.0;21725.0;17904.0;19845.0;19441.0;18384.0
Амурская область;100;14178.0;14283.0;12924.0;11234.0;10905.0;11495.0;9336.0
Магаданская область;440;4050.0;4210.0;3676.0;3107.0;3226.0;2902.0;2756.0
Сахалинская область;640;10121.0;10093.0;8236.0;7485.0;7161.0;6493.0;6227.0
Еврейская автономная область;990;2662.0;2292.0;2366.0;1909.0;2278.0;2244.0;1880.0
Чукотский автономный округ;770;2655.0;2674.0;2832.0;2647.0;2425.0;2424.0;2293.0
Энгельс;634;2134.0;;;;;;
Северск;695;1274.0;1326.0;;;;;
